{
    "graphSize": 10,
    "categoryCount": 4,
    "categoryArray": [
        "About",
        "Games",
        "Music",
        "Theater"
    ],
    "contentCount": 6,
    "contentArray": [
        "Boss Fight",
        "Mahdoton Paluu",
        "Sauna",
        "Solo Piano",
        "The elements",
        "Spaceship Battle Music"
    ],
    "thumbnailsPathArray": [
        "chimeres.webp",
        "chimeres2.webp",
        "chimeres3.webp",
        "georges.webp",
        "madame_rose.webp",
        "brule_harold.webp"
    ],
    "nodeWeights": [
        0.16666666666666666,
        0.5,
        1,
        0.3333333333333333,
        0.16666666666666666,
        0.16666666666666666,
        0.16666666666666666,
        0.16666666666666666,
        0.16666666666666666,
        0.16666666666666666
    ],
    "adjMatrix": [
        1,
        0.16666666666666666,
        0.16666666666666666,
        0,
        0,
        0,
        0,
        0,
        0,
        0.1,
        0.16666666666666666,
        3,
        0.6666666666666666,
        0,
        0.1,
        0,
        0,
        0,
        0.1,
        0.1,
        0.16666666666666666,
        0.6666666666666666,
        6,
        0.5,
        0.1,
        0.1,
        0.1,
        0.1,
        0.1,
        0.1,
        0,
        0,
        0.5,
        2,
        0,
        0.1,
        0.1,
        0,
        0,
        0,
        0,
        0.1,
        0.1,
        0,
        1,
        0,
        0,
        0,
        0,
        0,
        0,
        0,
        0.1,
        0.1,
        0,
        1,
        0,
        0,
        0,
        0,
        0,
        0,
        0.1,
        0.1,
        0,
        0,
        1,
        0,
        0,
        0,
        0,
        0,
        0.1,
        0,
        0,
        0,
        0,
        1,
        0,
        0,
        0,
        0.1,
        0.1,
        0,
        0,
        0,
        0,
        0,
        1,
        0,
        0.1,
        0.1,
        0.1,
        0,
        0,
        0,
        0,
        0,
        0,
        1
    ]
}