{
    "graphSize": 15,
    "categoryCount": 5,
    "categoryArray": [
        "About",
        "Games",
        "Machine Learning",
        "Music",
        "Theatre"
    ],
    "contentCount": 10,
    "contentArray": [
        "Soundtrack for a nonexistent game",
        "SAP 2017",
        "SAP 2018",
        "Chimère(s)",
        "L'Oiseau bleu",
        "Aliens in the Barn",
        "Jerry Can",
        "Piano compositions",
        "Ear Training App",
        "About me"
    ],
    "thumbnailsPathArray": [
        "music.webp",
        "brule_harold.webp",
        "sauna.webp",
        "chimeres.webp",
        "oiseau_bleu.webp",
        "aliens_in_the_barn.webp",
        "jerry_can_cover.webp",
        "music.webp",
        "flutter_logo.webp",
        "profile_picture_small.webp"
    ],
    "nodeWeights": [
        0.1111111111111111,
        0.3333333333333333,
        0.1111111111111111,
        1,
        0.4444444444444444,
        0.1111111111111111,
        0.1111111111111111,
        0.1111111111111111,
        0.1111111111111111,
        0.1111111111111111,
        0.1111111111111111,
        0.1111111111111111,
        0.1111111111111111,
        0.1111111111111111,
        0.1111111111111111
    ],
    "adjMatrix": [
        1,
        0,
        0,
        0,
        0,
        0,
        0,
        0,
        0,
        0,
        0,
        0,
        0,
        0,
        0.1,
        0,
        3,
        0,
        0.75,
        0,
        0.1,
        0,
        0,
        0,
        0,
        0.1,
        0.1,
        0,
        0,
        0,
        0,
        0,
        1,
        0.25,
        0,
        0,
        0,
        0,
        0,
        0,
        0,
        0,
        0,
        0.1,
        0,
        0,
        0.75,
        0.25,
        9,
        1,
        0.1,
        0.1,
        0.1,
        0.1,
        0.1,
        0.1,
        0.1,
        0.1,
        0.1,
        0,
        0,
        0,
        0,
        1,
        4,
        0,
        0.1,
        0.1,
        0.1,
        0.1,
        0,
        0,
        0,
        0,
        0,
        0,
        0.1,
        0,
        0.1,
        0,
        1,
        0,
        0,
        0,
        0,
        0,
        0,
        0,
        0,
        0,
        0,
        0,
        0,
        0.1,
        0.1,
        0,
        1,
        0,
        0,
        0,
        0,
        0,
        0,
        0,
        0,
        0,
        0,
        0,
        0.1,
        0.1,
        0,
        0,
        1,
        0,
        0,
        0,
        0,
        0,
        0,
        0,
        0,
        0,
        0,
        0.1,
        0.1,
        0,
        0,
        0,
        1,
        0,
        0,
        0,
        0,
        0,
        0,
        0,
        0,
        0,
        0.1,
        0.1,
        0,
        0,
        0,
        0,
        1,
        0,
        0,
        0,
        0,
        0,
        0,
        0.1,
        0,
        0.1,
        0,
        0,
        0,
        0,
        0,
        0,
        1,
        0,
        0,
        0,
        0,
        0,
        0.1,
        0,
        0.1,
        0,
        0,
        0,
        0,
        0,
        0,
        0,
        1,
        0,
        0,
        0,
        0,
        0,
        0,
        0.1,
        0,
        0,
        0,
        0,
        0,
        0,
        0,
        0,
        1,
        0,
        0,
        0,
        0,
        0.1,
        0.1,
        0,
        0,
        0,
        0,
        0,
        0,
        0,
        0,
        0,
        1,
        0,
        0.1,
        0,
        0,
        0,
        0,
        0,
        0,
        0,
        0,
        0,
        0,
        0,
        0,
        0,
        1
    ]
}